{
  "baseName" : "Camera2",
  "uniqueName" : "Camera2",
  "nickname" : "backLeft",
  "FOV" : 70.0,
  "path" : "/dev/video2",
  "cameraType" : "UsbCamera",
  "currentPipelineIndex" : 0,
  "calibrations" : [ {
    "resolution" : {
      "width" : 1280.0,
      "height" : 800.0
    },
    "cameraIntrinsics" : {
      "rows" : 3,
      "cols" : 3,
      "type" : 6,
      "data" : [ 938.8175769001891, 0.0, 572.7358070324798, 0.0, 947.0605301331026, 428.8345578044899, 0.0, 0.0, 1.0 ]
    },
    "cameraExtrinsics" : {
      "rows" : 1,
      "cols" : 5,
      "type" : 6,
      "data" : [ 0.07536986947841233, 0.07525736421718753, 0.007603130831091411, 0.003070849151827148, -0.20503063090895055 ]
    },
    "perViewErrors" : [ 1.11665895588572, 1.0985078135376847, 1.1579357084827613, 1.0990829602020107, 0.5900074535143799, 0.5948847498924266, 0.8206240346099827, 0.7511222289831251, 0.7693631265658503, 0.7325041771178624, 0.7673218180437408, 0.7254135159304234 ],
    "standardDeviation" : 0.1990956310703074
  }, {
    "resolution" : {
      "width" : 640.0,
      "height" : 480.0
    },
    "cameraIntrinsics" : {
      "rows" : 3,
      "cols" : 3,
      "type" : 6,
      "data" : [ 615.9794406531805, 0.0, 312.6393336568225, 0.0, 650.9251268154813, 286.6722760034748, 0.0, 0.0, 1.0 ]
    },
    "cameraExtrinsics" : {
      "rows" : 1,
      "cols" : 5,
      "type" : 6,
      "data" : [ -0.056766011060605, -0.48636976531415554, -0.007856888693969754, 0.011992092057293352, 8.715909205135414 ]
    },
    "perViewErrors" : [ 0.32533252577141825, 0.332492893258062, 0.3401985123647754, 0.31934644100921333, 0.3551104800177791, 0.32843718192351634, 0.34157345964326635, 0.3437639230218903, 0.31154321186005407, 0.3250025686082094, 0.3321772668507832, 0.33658036521950224 ],
    "standardDeviation" : 0.01130099317540447
  }, {
    "resolution" : {
      "width" : 320.0,
      "height" : 240.0
    },
    "cameraIntrinsics" : {
      "rows" : 3,
      "cols" : 3,
      "type" : 6,
      "data" : [ 124.13589523882591, 0.0, 158.68763787336655, 0.0, 124.49994170557342, 121.96442091260903, 0.0, 0.0, 1.0 ]
    },
    "cameraExtrinsics" : {
      "rows" : 1,
      "cols" : 5,
      "type" : 6,
      "data" : [ -0.004976795011211367, 0.020467120116389376, -2.0822589052382198E-4, 0.001172081093908936, -0.012027217170713641 ]
    },
    "perViewErrors" : [ 0.13535147628231256, 0.12481100652077876, 0.126715967313205, 0.12441826723764808, 0.10500338216630535, 0.11001440916627533, 0.11460672288244143, 0.12384996567530547, 0.12091366254009012, 0.12172285580107643, 0.12089090863188566, 0.12505015783951845 ],
    "standardDeviation" : 0.007676863580393978
  }, {
    "resolution" : {
      "width" : 800.0,
      "height" : 600.0
    },
    "cameraIntrinsics" : {
      "rows" : 3,
      "cols" : 3,
      "type" : 6,
      "data" : [ 695.7571594420774, 0.0, 390.7575019845352, 0.0, 693.8630930188427, 342.8827129413743, 0.0, 0.0, 1.0 ]
    },
    "cameraExtrinsics" : {
      "rows" : 1,
      "cols" : 5,
      "type" : 6,
      "data" : [ 0.03742011321307807, 0.05237572329425923, 0.0018270552561657296, 0.006024817122440687, -0.27662802762472605 ]
    },
    "perViewErrors" : [ 0.23529812071729056, 0.16729084032448144, 0.28091927644633663, 0.2419529220163598, 0.11976980281322178, 0.18136708112344996, 0.09405375415248776, 0.2868602633684623, 0.1786041116925586, 0.2710851862585926, 0.1455624524389515, 0.10670344957944274, 0.17802269236781465, 0.20125537482558614, 0.14920786749818185 ],
    "standardDeviation" : 0.06037085072240473
  }, {
    "resolution" : {
      "width" : 1280.0,
      "height" : 720.0
    },
    "cameraIntrinsics" : {
      "rows" : 3,
      "cols" : 3,
      "type" : 6,
      "data" : [ 906.6863837711238, 0.0, 603.0036865660129, 0.0, 906.8788466640207, 418.7677472236231, 0.0, 0.0, 1.0 ]
    },
    "cameraExtrinsics" : {
      "rows" : 1,
      "cols" : 5,
      "type" : 6,
      "data" : [ 0.06726830614337902, -0.1345091465116477, -2.5936554422399303E-4, -3.7713233223934093E-4, 0.05757239005520307 ]
    },
    "perViewErrors" : [ 0.5189789013427772 ],
    "standardDeviation" : 0.0
  } ],
  "streamIndex" : 2
}