{
  "baseName" : "Camera1",
  "uniqueName" : "Camera1",
  "nickname" : "front",
  "FOV" : 70.0,
  "path" : "/dev/video6",
  "cameraType" : "UsbCamera",
  "currentPipelineIndex" : 0,
  "calibrations" : [ {
    "resolution" : {
      "width" : 1280.0,
      "height" : 800.0
    },
    "cameraIntrinsics" : {
      "rows" : 3,
      "cols" : 3,
      "type" : 6,
      "data" : [ 938.8175769001891, 0.0, 572.7358070324798, 0.0, 947.0605301331026, 428.8345578044899, 0.0, 0.0, 1.0 ]
    },
    "cameraExtrinsics" : {
      "rows" : 1,
      "cols" : 5,
      "type" : 6,
      "data" : [ 0.07536986947841233, 0.07525736421718753, 0.007603130831091411, 0.003070849151827148, -0.20503063090895055 ]
    },
    "perViewErrors" : [ 1.11665895588572, 1.0985078135376847, 1.1579357084827613, 1.0990829602020107, 0.5900074535143799, 0.5948847498924266, 0.8206240346099827, 0.7511222289831251, 0.7693631265658503, 0.7325041771178624, 0.7673218180437408, 0.7254135159304234 ],
    "standardDeviation" : 0.1990956310703074
  }, {
    "resolution" : {
      "width" : 640.0,
      "height" : 480.0
    },
    "cameraIntrinsics" : {
      "rows" : 3,
      "cols" : 3,
      "type" : 6,
      "data" : [ 615.9794406531805, 0.0, 312.6393336568225, 0.0, 650.9251268154813, 286.6722760034748, 0.0, 0.0, 1.0 ]
    },
    "cameraExtrinsics" : {
      "rows" : 1,
      "cols" : 5,
      "type" : 6,
      "data" : [ -0.056766011060605, -0.48636976531415554, -0.007856888693969754, 0.011992092057293352, 8.715909205135414 ]
    },
    "perViewErrors" : [ 0.32533252577141825, 0.332492893258062, 0.3401985123647754, 0.31934644100921333, 0.3551104800177791, 0.32843718192351634, 0.34157345964326635, 0.3437639230218903, 0.31154321186005407, 0.3250025686082094, 0.3321772668507832, 0.33658036521950224 ],
    "standardDeviation" : 0.01130099317540447
  }, {
    "resolution" : {
      "width" : 320.0,
      "height" : 240.0
    },
    "cameraIntrinsics" : {
      "rows" : 3,
      "cols" : 3,
      "type" : 6,
      "data" : [ 124.13589523882591, 0.0, 158.68763787336655, 0.0, 124.49994170557342, 121.96442091260903, 0.0, 0.0, 1.0 ]
    },
    "cameraExtrinsics" : {
      "rows" : 1,
      "cols" : 5,
      "type" : 6,
      "data" : [ -0.004976795011211367, 0.020467120116389376, -2.0822589052382198E-4, 0.001172081093908936, -0.012027217170713641 ]
    },
    "perViewErrors" : [ 0.13535147628231256, 0.12481100652077876, 0.126715967313205, 0.12441826723764808, 0.10500338216630535, 0.11001440916627533, 0.11460672288244143, 0.12384996567530547, 0.12091366254009012, 0.12172285580107643, 0.12089090863188566, 0.12505015783951845 ],
    "standardDeviation" : 0.007676863580393978
  }, {
    "resolution" : {
      "width" : 800.0,
      "height" : 600.0
    },
    "cameraIntrinsics" : {
      "rows" : 3,
      "cols" : 3,
      "type" : 6,
      "data" : [ 689.9496924219575, 0.0, 364.8330270212439, 0.0, 688.0819170552538, 294.46403008686514, 0.0, 0.0, 1.0 ]
    },
    "cameraExtrinsics" : {
      "rows" : 1,
      "cols" : 5,
      "type" : 6,
      "data" : [ 0.06691916955023362, -0.12460726582446291, 0.002216193183908286, 0.004464763309046278, 0.1326382281568119 ]
    },
    "perViewErrors" : [ 0.19227564282819024, 0.2389728385552606, 0.18449005057573015, 0.12402397384809041, 0.10136467396320192, 0.32976099515131607, 0.24942800798458928, 0.3248635433749702, 0.15217638418719215, 0.2844663796225827, 0.12427499039462349, 0.2399698456188304, 0.11879844144978145, 0.2019049820895935, 0.22072828493515456, 0.2421398953027309 ],
    "standardDeviation" : 0.06923611584560498
  }, {
    "resolution" : {
      "width" : 1280.0,
      "height" : 720.0
    },
    "cameraIntrinsics" : {
      "rows" : 3,
      "cols" : 3,
      "type" : 6,
      "data" : [ 904.4943075693966, 0.0, 603.4432129772838, 0.0, 904.8964924515122, 335.7675726751331, 0.0, 0.0, 1.0 ]
    },
    "cameraExtrinsics" : {
      "rows" : 1,
      "cols" : 5,
      "type" : 6,
      "data" : [ 0.06403857719052294, -0.10023914838259085, -4.6317849731964897E-4, -8.187922889637815E-4, 0.030799589958913687 ]
    },
    "perViewErrors" : [ 0.1671007474425326 ],
    "standardDeviation" : 0.0
  } ],
  "streamIndex" : 0
}